District ;Street ;Building;Pharmacy_name ;Enterpreneur_name;Phone_number_1;Phone number 2;Phone number 3;Phone number 4;Cellphone_number_1;Cellphone_number_2;Hours_of_work_(weekdays);Hours_of_work_(Saturday) ;Hours_of_work_(Sunday);E-mail_1;E-mail_2
Галицький;Шевченка Т. просп.;16;«Сімейна аптека»;ПП «Аптека Аронія» ;0322324621;;;;;;08:00-22:00;08:00-22:00;09:00-22:00;apt62@sa.lviv.ua;
Галицький;Шевченка Т. просп.;22;Аптека D.S.;ТзОВ «Маркет Універсал ЛТД»;0322612038;;;;;;08:00-21:30;09:00-21:00;10:00-20:00;;
Галицький;Франка І.;22;Фіто-аптека Зубицьких;ПП Макух Х.І.;0322602180;;;;;;10:00-19:00;10:00-14:00;вихідний;;
Галицький;Франка І.;26;Аптека D.S.;ТзОВ «Маркет Універсал ЛТД»;0322439393;;;;;;08:00-21:30;09:00-21:00;10:00-20:00;;
Галицький;Фредра О.;2;Аптека № 2;Державна комунальна аптека;0322616346;;;;;;08:00-21:00;08:00-21:00;вихідний;;
Галицький;Грушевського М.;3;Аптека  ;ФОП Калиняк;0322616539;;;;;;08:00-22:00;08:00-21:00;вихідний;;
Галицький;Соборна пл. ;12а;Аптека  «Біомед»;ТзОВ «НДК ПМ Ангеліка»;0322426189;;;;;;цілодобово;цілодобово;цілодобово;;
Галицький;Франка І.;41;Аптека «3і»;ТзОВ «Довіра»;0322602324;;;;;;08:00-20:00;08:00-20:00;08:00-20:00;;
Галицький;Франка І.;84;«Аптека низьких цін»;ТОВ «Аптека низьких цін»;0322751916;;;;;;08:00-21:00;08:00-21:00;08:00-21:00;;
Галицький;Стрийська;1;«Соціальна аптека»;ПП «Аптека Аронія» ;0322320303;0322471513;;;;;08:00-22:00;08:00-22:00;08:00-22:00;;
Галицький;Тарнавського М., ген.;104б;Аптека «Аніка»;ПП «Аніка»;0322256297;;;;;;08:00-21:00;08:00-21:00;08:00-21:00;;
Галицький;Франка І.;87;Аптека «Демчук»;ПП «Демчук»;0322767288;;;;;;08:00-21:00;08:00-21:00;08:00-21:00;;
Галицький;Свободи просп.;33;Аптека D.S.;ТзОВ «Маркет Універсал ЛТД»;0322439393;;;;;;08:00-22:00;08:00-22:00;08:00-22:00;office@market-universal.com.ua;
Галицький;Тиктора І.;3;Аптека;ФОП Гром Н.Ю.;0322554462;;;;;;цілодобово;цілодобово;цілодобово;;
Галицький;Січових Стрільців;7;Аптека «Алтея»;ТзОВ Аптека «Алтея»;0800302060;;;;;;08:00-20:00;08:00-20:00;08:00-20:00;;
Галицький;Дорошенка П.;6;Аптека «Знахар»;ФОП Мокрий Т. М.;0322645337;;;;0674298614;;08:00-20:00;08:00-20:00;08:00-20:00;office@apteka-znahar.com.ua;
Галицький;Огієнка І.;20;Аптека «Сальве»;ТзОВ «Сальве-Львів»;0322426730;;;;;;цілодобово;цілодобово;цілодобово;;
Галицький;Огієнка І.;10;Аптека D.S.;ТзОВ «Ваша аптека»;0322326290;;;;;;08:00-21:00;08:00-21:00;08:00-21:00;office@market-universal.com.ua;
Галицький;Огієнка І.;20;Аптека «Копійка»;ТОВ «Аптека низьких цін»;0322553455;;;;;;08:00-21:00;08:00-21:00;08:00-21:00;;
Галицький;Кропивницького М. пл.;2;Аптека D.S.;ТзОВ «Ваша аптека»;0800302060;;;;;;08:00-21:00;08:00-21:00;09:00-18:00;;
Галицький;Коперника М.;54;Аптека, оптика;ПП «Фарм-сервіс»;0322403385;;;;;;цілодобово;цілодобово;цілодобово;;
Галицький;Словацького Ю.;2;Аптека D.S.;ТзОВ «Сервіс-нерухомість»;0800302060;;;;;;08:00-21:00;08:00-21:00;08:00-21:00;;
Галицький;Свободи просп.;5;«Сімейна аптека 24» ;;0322403085;0322975187;;;;;08:00-21:00;08:00-21:00;08:00-21:00;office@sa.lviv.ua ;dovidka@sa.lviv.ua
Галицький;Бандери С.;15;Аптека «Пульс»;ТзОВ «Декада-2000»;0322444016;;;;;;08:00-22:00;08:00-22:00;10:00-20:00;;
Галицький;Хмельницького Б.;10;«Аптека низьких цін»;ФОП Халіна Н.Ю., ФОП Панахид М.П.;0322557498;;;;;;08:00-21:00;08:00-21:00;08:00-21:00;;
Галицький;Галицька;19;Аптека D.S.;ТзОВ «Сервіс-нерухомість»;0322354760;;;;;;09:30-21:30;09:30-21:00;09:30-20:00;;
Галицький;Друкарська;2;Аптека «Під Чорним орлом»;ДКАП Аптека ««Під Чорним орлом»;0322357041;;;;;;09:00-19:00;10:00-18:00;10:00-18:00;apteka_museum@ukr.net;
Галицький;Краківська;26;Аптека «Аптека під срібним орлом»;ТзОВ Аптека «Аптека під срібним орлом»;0322356249;;;;;;09:00-19:00;10:00-18:00;10:00-18:00;;
Галицький;Личаківська;1;«Аптека матері і дитини»;ТзОВ «Аптека матері і дитини»;0322765557;;;;;;08:00-19:00;09:00-19:00;09:00-16:00;;
Галицький;Сербська;8;Аптека «Верес»;ПП «Кутасевич і син»;0322354905;;;;;;08:00-19:00;09:00-19:00;09:00-16:00;;
Галицький;Соборна пл.;1;Аптека D.S.;ФОП Опришко А.С.;0322439393;;;;;;цілодобово;цілодобово;цілодобово;apteka30@market-unaversal.соm.ua ;apteka30@market-unaversal.соm.ua
Галицький;Хмельницького Б.;1;Аптека «Знахар»;ТзОВ «Візард-Л»;0322975546;;;;;;08:00-21:00;08:00-21:00;08:00-21:00;;
Галицький;Хмельницького Б.;1;Аптека D.S.;ФОП Блащак ;0800302060;0322326290 ;;;;;08:00-21:00;08:00-20:00;09:00-19:00;;
Галицький;Балабана М.;2;Аптека «Рецептика»;ФОП Сорока Ю.М.;0322550665;;;;;;08:00-21:00;08:00-21:00;08:00-21:00;zakaz@ikwell.dp.ua;
Галицький;Котлярська;4;Ветеринарна аптека;ФОП Вигриновський М.І.;;;;;0632696190;;09:00-19:00;09:00-18:00;вихідний;invesa.fediv@gmail.com;
Галицький;Князя Мстислава Удатного;5;«Аптека 24»;ФОП Павленко С.О.;;;;;0983073315;;09:00-19:00;09:00-18:00;вихідний;;
Галицький;Під Дубом;8;Аптека «3і»;ТзОВ «Довіра»;0322971823;0322358221;;;;;08:00-20:00;08:00-20:00;08:00-20:00;;
Галицький;Раппопорта С.;1;«Аптека низьких цін»;ФОП Ясниська Л.Р.;;;;;0965099108;;08:00-21:00;08:00-21:00;08:00-21:00;;
Галицький;Святого Теодора пл.;3;Аптека «Нерей»;ТзОВ «Нерей-Л«;0322721801 ;;;;;;08:00-21:00;08:00-21:00;08:00-21:00;;
Галицький;Шпитальна;30;Аптека D.S.;ТзОВ «Сервіс-нерухомість»;0322326290;;;;;;08:00-21:00;08:00-20:00;09:00-19:00;;
Галицький;Шпитальна;32;«Сімейна аптека»;ФОП Гаврилюк Л.В.;0322471516;;;;0962210841   ;;09:00-22:00;09:00-22:00;09:00-22:00;office@sa.lviv.ua;
Галицький;Шпитальна;8;«Аптека низьких цін»;ФОП Рибак В.М.;0322553224;;;;0676712654;;08:00-20:00;08:00-20:00;08:00-20:00;;
Залізничний;Виговського І.;3;Аптека «Подорожник»;ПП «Соломія-Сервіс»;0322626328;;;;0675558431;;08:00-21:00;08:00-20:00;08:00-20:00;lvl@diklz.gov.ua;
Залізничний;Виговського І.;29а;Аптека «Знахар»;ТзОВ «Візард-Л»;0322622167;;;;0677123913;;08:00-21:00;08:00-21:00;08:00-18:00;berlin.bogdana@gmail.com;
Залізничний;Виговського І.;29а;«Едельвейс. Аптека. Оптика. Медтехніка»;ТОВ «Аптека №31«;0322976161;0322976100;;;;;09:00-20:00;09:00-18:00;вихідний;prices.apteka31@gmail.com;
Залізничний;Виговського І.;32;Аптека «Подорожник»;ТзОВ «Повноділ»;;;;;0673251170;;08:00-20:00;08:00-20:00;09:00-19:00;;
Залізничний;Виговського І.;32;Аптека «Пульс»;ТОВ «Декада 2000»;0322459928;;;;;;цілодобово;цілодобово;цілодобово;yura_dekada@ukr.net;
Залізничний;Виговського І.;47;Аптека «Сальве»;ТОВ «Сальве Львів»;;;;;0672233589;;08:00-21:00;08:00-21:00;08:00-21:00;ap17.lviv@salve.com.ua;
Залізничний;Виговського І.;83;Аптека ;СПД-ФО Овсяник О.М. ;;;;;0973442186;;цілодобово;цілодобово;цілодобово;ovsanik@gmail.com;
Залізничний;Виговського І.;89;Аптека ;СПД-ФО Мойшевич Світлана Михайлівна ;;;;;;;10:00-20:00;11:00-18:00;12:00-16:00;;
Залізничний;Городоцька;64;«Зелена аптека планети здоров'я»;СПД-ФО Лесецька С.В.;0322333234;;;;;;09:00-18:00;09:00-15:00;вихідний;narlik@bk.ru;
Залізничний;Городоцька;66;Аптека №43;ТзОВ «Аптека №43»;0322331179;;;;;;08:00-20:00;08:00-20:00;10:00-16:00;;
Залізничний;Городоцька;82;Аптека «Знахар»;ТОВ «Візард-Л»;0322381750;;;;;;08:00-21:00;вихідний;вихідний;berlin.bogdana@gmail.com;
Залізничний;Городоцька;82;Аптека «Азовфарм»;ТОВ «Екоіллічпродукт»;0322381946;;;;;;08:00-21:00;08:00-21:00;08:00-20:00;apteka5@ekoip.biz;
Залізничний;Городоцька;88;Аптека «Рецептика»;ТзОВ«І.К.ВЕЛ»;0322373501;;;;;;08:00-21:00;08:00-21:00;08:00-21:00;zakaz@ikwell.dp.ua;
Залізничний;Городоцька;102;«Аптека низьких цін»;ТзОВ «Аптека низьких цін» Львів»;0322370503;;;;;;08:00-21:00;08:00-21:00;08:00-21:00;lviv@aptekanizkihcen.ua;
Залізничний;Городоцька;212;Аптека «3і»;ТОВ «Фірма «Медфарм»;0322676263;;;;0503805914;;цілодобово;цілодобово;цілодобово;;
Залізничний;Городоцька;218;Аптека D.S.;ТзОВ «Маркет Універсал ЛТД»;0800302060;;;;;;цілодобово;цілодобово;цілодобово;office@market-univetsal.com.ua;
Залізничний;Городоцька;300;Аптека D.S.;ТзОВ «Маркет Універсал ЛТД»;0322439393      ;0800302060;;;;;09:30-20:30;09:00-20:00;09:00-19:00;office@market-univetsal.com.ua;
Залізничний;Караджича В.;29б;Аптека ;ТОВ «Хмельницька аптека оригінальних препаратів»;;;;;0673838515;673836313;08:00-20:00;08:00-20:00;08:00-20:00;lv1apteka.original@gmail.com;
Залізничний;Кульпарківська;158;Аптека ;СПД-ФО Говенко Ірина Володимирівна ;;;;;;;цілодобово;цілодобово;цілодобово;;
Залізничний;Кульпарківська;226а;Аптека «Доброго дня»;ТзОВ «Фармастор»;0322328755;;;;0633112486;;09:00-22:00;09:00-22:00;09:00-22:00;lv_kultpark_226a@farmastor.com;
Залізничний;Любінська;96;«Сімейна аптека»;ПП «Аптека аронія»;0322622037;;;;;;08:00-21:00;09:00-20:00;09:00-20:00;dovidka@sa.lviv.ua;
Залізничний;Любінська;89;Аптека «Подорожник»;Федечко Ярослав Степанович;0322928284;;;;0676706087;;08:00-21:00;08:00-20:00;08:00-20:00;;
Залізничний;Любінська;104;Аптека «3і»;ТОВ «Аптека «Довіри»;0322620015;;;;;;цілодобово;цілодобово;цілодобово;;
Залізничний;Вовчка Марка;31;Аптека ;ТзОВ «Аралія»;0322333533;;;;;;;;;tzov.araliya@gmail.com;
Залізничний;Низинна;2;«Аптека низьких цін»;ТзОВ «Аптека низьких цін» Львів»;0322679632;;;;;;;;;lviv@aptekanizkihcen.ua;
Залізничний;Патона Є.;4/1;Аптека D.S.;ТзОВ «Маркет Універсал ЛТД»;0800302060;;;;;;;;;office@market-univetsal.com.ua;
Залізничний;Патона Є.;13;«Аптека. Цілодобово. Біомед»;СПД-ФО Матрунич Г.І.;;;;;0676752124;;цілодобово;цілодобово;цілодобово;office@biomed.lviv.ua;
Залізничний;Патона Є.;31;Аптека «Розмарин»;СПД-ФО Мельник Мар'яна Богданівна ;0322951298;;;;;;цілодобово;цілодобово;цілодобово;aptekapatona@i.ua;
Залізничний;Повітряна;30;Аптека ;ТзОВ «Аптека №30»;0322673754;;;;;;;;;okhtey@gmail,com;
Залізничний;Повітряна;99;Аптека «Пульс»;ТОВ «Декада 2000»;0322670855;;;;;;;;;yura_dekada@ukr.net;
Залізничний;Повітряна;99;Аптека «3і» (аптечний пункт №6);ТОВ «Аптека «Довіри»;0322670644;;;;0504497694;;;;;;
Залізничний;Повітряна;99;Аптека «3і» (аптечний пункт №7);ТОВ «Аптека «Довіри»;;;;;0504328350;;;;;;
Залізничний;Роксоляни;24;Аптека «Для тебе»;ТОВ «Лім-Ігор»;0322312882;;;;;;цілодобово;цілодобово;цілодобово;lim-buh@ukr.net;
Залізничний;Садова;2а;Аптека «Пульс»;ТОВ «Декада 2000»;0322453431;;;;;;;;;yura_dekada@ukr.net;
Залізничний;Петлюри С.;2а;«Аптека низьких цін»;ТзОВ «Аптека низьких цін» Львів»;0322295132;;;;;;;;;lviv@aptekanizkihcen.ua;
Залізничний;Петлюри С.;17;«Сімейна аптека»;ПП «Аптека аронія»;0322922305;;;;;;;;;dovidka@sa.lviv.ua;
Залізничний;Чернівецька;21;«Сімейна аптека»;ПП «Аптека аронія»;0322378987;;;;;;цілодобово;цілодобово;цілодобово;dovidka@sa.lviv.ua;
Залізничний;Широка;64;Аптека «Подорожник»;ПП «Соломія-Сервіс»;0322470876;;;;0978509025;;;;;;
Залізничний;Широка;64;Аптечний склад «Бам»;ТзОВ «Повноділ»;;;;;0670112202;;;;;;
Залізничний;Широка;66;Аптека ;ТзОВ «Аптека №18 «Під Вознесінням»;0322675060;0322675061;;;;;цілодобово;цілодобово;цілодобово;apteka1866@gmail.com;
Залізничний;Широка;66;«Соціальна аптека»;ТОВ «Мед-сервіс»;0322673838;;;;;;цілодобово;цілодобово;цілодобово;;
Залізничний;Широка;87;Аптека D.S.;ТзОВ «Маркет Універсал ЛТД»;0322470397;0800302060;;;;;;;;office@market-univetsal.com.ua;
Залізничний;Шевченка Т.;45;Аптека D.S.;ТзОВ «Маркет Універсал ЛТД»;0322336075      ;0800302060;;;;;;;;office@market-univetsal.com.ua;
Залізничний;Шевченка Т.;111а;Аптека «Сальве»;ТОВ «Сальве Львів»;;;;;0672233587;;;;;ap19.lviv@salve.com.ua;
Залізничний;Щирецька;36;Аптека D.S.;ТзОВ «Маркет Універсал ЛТД»;0322955597        ;0800302060;;;;;;;;office@market-univetsal.com.ua;
Залізничний;Щирецька;36;Аптека «3і»;ТОВ «Аптека «Довіри»;0322957274;;;;;;;;;;
Личаківський;Пасічна;90;Аптека № 86;ТзОВ « 3і»;0322510990;;;;;;;;;;
Личаківський;Пасічна;92;«Сімейна аптека»;ПП «Медико»;0322590317;;;;;;;;;office@sa.lviv.ua;
Личаківський;Вашингтона Дж.;21;«Сімейна аптека»;ПП «Медико»;0322513920;;;;;;;;;office@sa.lviv.ua;
Личаківський;Вашингтона Дж.;176;Аптека «СпецАмед»;ФОП Коваленко А.Д.;0322458987;;;;;;;;;;
Личаківський;Пасічна;55;Аптека D.S.;мережа аптек D.S.;0322448642;;;;;;;;;office@market-unsal.com.ua;
Личаківський;Пасічна;70;Аптека «Знахар»;ТзОВ «Аптека Знахар»;0322645337;0322975589;;;;;;;;office@apteka-znahar.com.ua;
Личаківський;Медової Печери;1;Аптека «3і»;ТзОВ « 3і»;0322510605;;;;;;;;;office@3i.ua;
Личаківський;Металістів;9;аптека №1  «Джерело здоров'я»;ФОП Бойко Б.В.;;;;;0936222325;;;;;;
Личаківський;Пекарська;2;Аптека «Еталон здоров'я»;ТзОВ фірма «Медфарм»;0322751118;;;;;;;;;;
Личаківський;Пекарська;9;«Ветаптека»;ФОП Бербека Н.П.;0322750338;;;;;;;;;;
Личаківський;Дороша Ю.;9;Аптека ;ТзОВ «Аптека № 28 м.Львів»;0322753763;;;;;;цілодобово;цілодобово;цілодобово;;
Личаківський;Левицького К.;19;Аптека ;ФОП Демчук Л.М.;0322755741;;;;;;;;;;
Личаківський;Руставелі Ш.;6;Аптека ;ФОП Демчук Л.М.;0322755742;;;;;;;;;;
Личаківський;Франка І.;13;Аптека ;ПП «Доброго вам здоров'я»;0322756736;;;;;;;;;;
Личаківський;Зелена;1;«Аптека низьких цін»;мережа аптек;0322762416;;;;;;;;;;
Личаківський;Личаківська;57;Аптека № 49;ТзОВ «Аптека № 49»;0322755764;;;;;;;;;;
Личаківський;Личаківська;50;«Ветаптека»;ФОП Войцехівський З.;;;;;0674936065;;;;;;
Личаківський;Личаківська;54;Аптека «Знахар»;ТзОВ «Аптека Знахар»;0322256380;;;;;;;;;office@apteka-znahar.com.ua;
Личаківський;Личаківська;67;Аптека «Благодать»;ПП «Львівська Фармацевтична компанія»;;;;;;;;;;info@blago.lviv.ua;
Личаківський;Некрасова В.;4;«Аптека «3і»;ТзОВ «3і»;0322444495;;;;;;;;;;
Личаківський;Некрасова В.;11а;Аптека D.S.;мережа аптек D.S.;0322513888;;;;;;цілодобово;цілодобово;цілодобово;office@market-unsal.com.ua;
Личаківський;Некрасова В.;11а;«Ваша аптека»;ТзОВ «Ваша аптека»;0322750174;;;;;;;;;;
Личаківський;Некрасова В.;15;Аптека «Подорожник»;мережа аптек Аптека «Подорожник»;0322759303;;;;;;цілодобово;цілодобово;цілодобово;;
Личаківський;вул.Сковороди;18;«Аптека низьких цін»;мережа «Аптека низьких цін»;0322759358;;;;;;цілодобово;цілодобово;цілодобово;;
Личаківський;Зелена;73;Аптека D.S.;мережа  аптек D.S.;;;;;0982499790;;;;;office@market-unsal.com.ua;
Личаківський;Зелена;73;«Біомед»;ТзОВ ФК «Біомед»;0322971927;;;;0676765338;982499790;цілодобово;цілодобово;цілодобово;personal@biomed.lviv.ua;
Личаківський;Зелена;54;Аптека № 2 «Благодать»;ПП «Львівська Фармацевтична компанія»;0322603026;;;;;;;;;info@blago.lviv.ua;
Личаківський;вул.Коциловського;32;Аптека «Біомед»;ТзОВ ФК «Біомед»;0322764679;;;;;;;;;office@biomed.lviv.ua;
Личаківський;Пасічна;3;Аптека D.S.;мережа  аптек D.S.;0322513888;;;;;;;;;office@market-unsal.com.ua;
Личаківський;Личаківська;187;Аптека D.S.;мережа  аптек D.S.;0322241031;;;;;;;;;office@market-unsal.com.ua;
Личаківський;Личаківська;117;Аптека «3і»;ТзОВАптека «3і»;0322756162;0322257711;0322989595;;;;;;;sm@3I.ua;
Личаківський;Личаківська;26;Аптека D.S.;мережа  аптек D.S.;0322759500;;;;;;;;;office@market-unsal.com.ua;
Личаківський;Личаківська;55;Аптека D.S.;мережа  аптек D.S.;0322767620;;;;;;;;;office@market-unsal.com.ua;
Личаківський;Винниченка В.;6;«Сімейна аптека»;мережа аптек;;;;;0934537484;;;;;office@sa.lviv.ua;
Личаківський;Пекарська;33;Аптека D.S.;мережа  аптек D.S.;0322761905;;;;;;;;;office@market-unsal.com.ua;
Личаківський;Мучна;2;Аптека D.S.;мережа  аптек D.S.;0322756182;;;;;;;;;office@market-unsal.com.ua;
Личаківський;Чернігівська;7;Міжлікарняна аптека № 272;Управління майном спільної власності;0322755030;;;;;;;;;;
Сихівський;Антонича Б.-І.;10;Вітамінка;Корнелейко М.Є.;;;;;0673116796;;;;;;
Сихівський;Вашингтона Дж.;8;Аптека D.S.;ТзОВ «Маркет Універсал ЛТД»;0322512445;;;;;;;;;apteka12@market-universal.com.ua;
Сихівський;Гашека Я.;15а;Аптека «Добра аптека»;ПП «Соломія-Сервіс»;0322345368;;;;;;;;; ;
Сихівський;Дністерська;12;Аптека;ПП ВКФ «Скайінвест»;0322444811;;;;;;;;;apteka_skaiinvest@ com.ua;
Сихівський;Дністерська;17;Аптека;ТзОВ «Фарматон»;0322405747;0322442884;;;;;;;;office@farmaton.Lviv.ua;
Сихівський;Дністерська;27;Аптека  ;Аптека №27  КП Львівської обласної ради;0322708233;;;;;;;;;apteka27d@ukr.net;
Сихівський;Довженка О.;2;Екоаптека;Труш Я.І.;;;;;0961352201;;;;;;
Сихівський;Драгана М.;1;Аптека D.S.;ТзОВ «Ваша аптека»;0322449872;;;;;;;;;office@market.universal.com.ua;
Сихівський;Драгана М.;1;Аптека  ;ТзОВ Аптека «3і»;0322273495;;;;;;;;;;
Сихівський;Драгана М.;4б;Аптека;ТзОВ ФК «Біомед»;0322456565;;;;0676739856;;цілодобово;цілодобово;цілодобово;www.office@biomed.lviv.ua;
Сихівський;Зелена;477;Аптека  (в приміщенні тублікарні);ТзОВ «Біомед»;;;;;0676707428;;;;;www.office@biomed.lviv.ua;
Сихівський;Зубрівська;7а;Аптека довіри;ТзОВ Аптека «3і»;0322320169;;;;;;;;;;
Сихівський;Кавалерідзе І.;1; Аптека,Оптіка;ПП «Дешева аптека»;0322217780;;;;;;цілодобово;цілодобово;цілодобово;kavaleridze1@biomed.in;
Сихівський;Кавалерідзе І.;2;«Сімейна аптека»;ПП «Аптека Аронія»;0322211987;;;;;;цілодобово;цілодобово;цілодобово;;
Сихівський;Кавалерідзе І.;2;«Аптека низьких цін»;ТзОВ «Аптека низьких цін»;0322212531;;;;;;;;;;
Сихівський;Кавалерідзе І.;8;Аптека;ТзОВ «Сяня Фарм»;0322454568;;;;;;;;;;
Сихівський;Карбишева Д.;9;Лайм;ТзОВ «Фарм МК»;;;;;0976386023;;;;;;
Сихівський;Луганська;6;Аптека ;ПП «Сальве»;;;;;0672233600;;;;;info@apteka_20_salve.com.ua;
Сихівський;Максимовича М.;9;Аптека D.S.;ТзОВ «Ваша аптека»;0322439339;;;;;;;;;;
Сихівський;Навроцького В.;23;Подорожник КМЛ №8;ПП «Соломія Сервіс»;0322702235;;;;0673252226;;;;;info@podoroznyk.com;
Сихівський;Навроцького В.;23;Аптека;ТзОВ Аптека «3і»;0322450167;;;;;;цілодобово;цілодобово;цілодобово;;
Сихівський;Сихівська;10;Аптека  дрібно-гуртових цін;Фетько М.М.;0322454575;;;;0986594615;;;;;;
Сихівський;Сихівська;12;Аптека D.S.;ТзОВ «Ваша аптека»;0322235071;;;;;;;;; ;
Сихівський;Сихівська;12а;Аптека;ТзОВ «Медікум Захід»;;;;;0680645351;;;;;;
Сихівський;Сихівська;14;Аптека № 296;Комунальне підприємство Львівської обласної ради;0322217607;;;;;;;;;apteka296@ukr.net;
Сихівський;Сихівська;22;Аптека «Знахар»;ТзОВ «Аптека Знахар» Мокрий Т.М.;;;;;0677123913;;;;;;
Сихівський;Скорини Ф.;44;Аптека;ТзОВ «Оригінальні препарати»;;;;;0676702992;;;;;;
Сихівський;Скрипника М.;23;Аптека;Борис О.П.;;;;;0974107035;;;;;;
Сихівський;Стрийська;57;Аптека;ТзОВ «Сомрай»;0322231625;;;;;;;;;;
Сихівський;Стрийська;59;Аптека D.S.;ТзОВ «Маркет універсал ЛТД»;0322326290;;;;;;;;;;
Сихівський;Стрийська;103;Аптека D.S.;ТзОВ «Маркет універсал ЛТД»;0322439393;;;;;;;;;;
Сихівський;Стрийська;107;Аптека D.S.;ТзОВ«Ваша аптека»;0322232325;;;;;;цілодобово;цілодобово;цілодобово;;
Сихівський;Трильовського К.;20;Аптека;Шейхо К.Д.;0322405960;;;;;;;;;;
Сихівський;Хоткевича Г.;30а;Сімейна аптека;Тов «Аронія»;0322447803;;;;;;;;;Lv_hotkevycha30a@farmastor.com;
Сихівський;Червоної Калини просп.;36а;Аптека;ТзОВ «Маркет універсал»;0322443870;;;;;;;;;;
Сихівський;Червоної Калини просп.;42;Бажаємо здоров’я;ТзОВ «Ай Пі Фармація»;0322210002;;;;0632517748;;;;;apf21@apteka.net.ua;
Сихівський;Червоної Калини просп.;42;Подорожник;ПП «Соломія Сервіс»;0322223838;;;;0673711705;;цілодобово;цілодобово;цілодобово;;
Сихівський;Червоної Калини просп.;53;Аптека;ТзОВ Аптека «3і»;0322321830;;;;;;;;;;
Сихівський;Червоної Калини просп.;57;Аптечний пункт №2 (приміщенні поліклініки);ТзОВ Аптека «3і»;;;;;0503714571;;;;;;
Сихівський;Червоної Калини просп.;64;Аптека «Знахар»;ТзОВ «Візард-Л»;0322645337;;;;0674298614;;;;;;
Сихівський;Червоної Калини просп.;68;Подорожник;ПП «Соломія Сервіс»;0322539339;0322539335;;;0673700844;;цілодобово;цілодобово;цілодобово;;
Сихівський;Червоної Калини просп.;68;Подорожник (в приміщенні поліклініки);ПП ТММП фірма «Едельвейс»;;;;;0675005151;;;;;;
Сихівський;Червоної Калини просп.;85;Аптека D.S.;ТзОВ «Маркет Універсал ЛТД»;0322439393;;;;;;;;;office@market-universal.com.ua;
Сихівський;Червоної Калини просп.;94;Подорожник;Матківський А.;0322456845;;;;0675558017;;;;;;
Сихівський;Червоної Калини просп.;97;Подорожник;ПП «Соломія Сервіс»;0322225623;;;;0673733426;;цілодобово;цілодобово;цілодобово;info@podorozhnyk.com;
Сихівський;Червоної Калини просп.;97;Подорожник;Овсяник О.М.;;;;;0973442186;;;;;;
Сихівський;Червоної Калини просп.;105;«Аптека низьких цін»;ТзОВ «Аптека низьких цін»;0322225755;;;;;;;;;;
Сихівський;Червоної Калини просп.;109;Мед-Сервіс;ТзОВ «Мед Сервіс»;0322229640;;;;;;цілодобово;цілодобово;цілодобово;;
Сихівський;Червоної Калини просп.;109; Біомед;Шилович Л.Ф.;0322229264;;;;;;;;;mail@biomed.lviv.ua;
Сихівський;Угорська;8;Аптека D.S.;ТзОВ «Ваша аптека»;0322970106;;;;;;;;;office@market-universal.com.ua;
Франківський;Медведецького Ю., проф.;29;Аптека «Пульс»;ТзОВ «Декада-2000»;0322925756;0322401021;;;;;цілодобово;цілодобово;цілодобово;dekada2000@ukr.net;
Франківський;Городоцька;215;Аптека;КП ЛОР міжлікарняна лікарня №289;0322926264;;;;;;;;;Apteka289@i.ua;
Франківський;Городоцька;181;Аптека D.S.;ТзОВ «Маркет Універсал ЛТД»;0322375915;;;;;;;;;office@market-universal.com.ua;
Франківський;Городоцька;179;«Сімейна аптека»;ПП «Аронія»;0322471512;;;;;;цілодобово;цілодобово;цілодобово;office@sa.lviv.ua ;
Франківський;Городоцька;177;Аптека D.S.;ТзОВ «Маркет Універсал ЛТД»;0322375915;;;;;;;;;office@market-universal.com.ua;
Франківський;Городоцька;173;«Аптека низьких цін №22»;ТзОВ «Аптека низьких цін» Львів»;0322371182;;;;;;;;;lviv@aptekanizkihcen.ua;
Франківський;Городоцька;159;Аптека;ТзОВ «Ай пі Фармація»;0322378795;;;;0631971815;;;;;torg@apteka.net.ua;
Франківський;Городоцька;143;«Аптека низьких цін №30»;ТзОВ «Аптека низьких цін» Львів»;0322380172;;;;;;;;;lviv@aptekanizkihcen.ua;
Франківський;Городоцька;143;Аптека «Мед сервіс»;ТзОВ «Львів Медсервіс»;0322382167;;;;;;цілодобово;цілодобово;цілодобово;apt1l@med-service.dp.ua;
Франківський;Кропивницького М. пл;10;Аптека «Рецептіка»;ТзОВ «І.К.Вел»;0322379347;;;;0676930684;;;;;;
Франківський;Федьковича Ю.;10;Аптека;ФОП Демчук Любов Михайлівна;0322377201;;;;;;;;;;
Франківський;Федьковича Ю.;21;Аптека «Опт торг» №25;ТзОВ «Менго»;;;;;0674454863;;;;;Apteka25@mengo.dp.ua;
Франківський;Федьковича Ю.;26;Аптека D.S.;ТзОВ «Маркет Універсал ЛТД»;;;;;;;;;;office@market-universal.com.ua;
Франківський;Федьковича Ю.;54;Аптека №1;Підприємство об'єднання громадян (релігійної організації, профспілки) підприємство «Рокс-Львів»;0322263000;;;;;;;;;Roks-apoteka@ukr.net;
Франківський;Горської А.;9;«Сімейна аптека»;ПП «Аронія»;;;;;0933547067;;;;;office@sa.lviv.ua ;
Франківський;Героїв УПА;30;Аптека;ТзОВ «Аптека «Примула»;0322380292;0322378789;;;;;;;;;
Франківський;Героїв УПА;57в;Аптека «Panadol»;ТзОВ «Гіруда»;;;;;;;;;;;
Франківський;Героїв УПА;76;Аптека №27 «3і»;ТзОВ фірма «Медфарм»;0322374764;;;;;;;;;office@3i.ua;
Франківський;Васильківського С.;1;Аптека «Подорожник»;ПП «Соломія сервіс»;0322388691;;;;0676706556;;;;;solomia.service@gmail.com;
Франківський;Антоновича В.;102;«Жіноча аптека»;ПП «Жіноча аптека»;0322471512;;;;;;;;;pharmacy@intersono.ua;
Франківський;Коновальця Є.;22;Аптечний пункт №3;ТзОВ «Алтея»;0322470099;;;;;;;;;;
Франківський;Русових;4;Аптечний пункт №1 ;ТзОВ «Науково-дослідна клініка біологічної медицини«Ангеліка»;;;;;0676758626;;;;;rusovuh@biomed.in.ua;
Франківський;Моршинська;2;Аптека «Пульс»;ТзОВ «Декада-2000»;0322370154;;;;;;цілодобово;цілодобово;цілодобово;dekada2000@ukr.net;
Франківський;Чупринки Т., ген.;43;Аптека «Пульс»;ТзОВ «Декада-2000»;0322372957;;;;;;;;;dekada2000@ukr.net;
Франківський;Чупринки Т., ген.;43;Аптечний пункт №1;ФОП Любінець Назар Олегович;;;;;;;;;;;
Франківський;Чупринки Т., ген.;45;Аптека;ТзОВ «Компанія Лілея»;0322379998;;;;;;;;;;
Франківський;Чупринки Т., ген.;58б;Аптека «Добрий аптекар»;ФОП Герман Олександр Володимирович;;;;;0686794952;;;;;da3@aptekar.lviv.ua;
Франківський;Чупринки Т., ген.;58;Аптека №15 Аптека «3і»;ТзОВ «Аптека довіри»;0322352077;;;;;;;;;office@3i.ua;
Франківський;Бандери С.;57;Аптека;ФОП Ходаковська Лариса Іванівна;0322385621;;;;;;цілодобово;цілодобово;цілодобово;hodakovska@gmail.com;
Франківський;Бандери С.;57;Аптека;ФОП Межегурський Володимир Віталійович;0322389594;;;;;;;;;Sjanjafarm@ukr.net;
Франківський;Бандери С.;71;Аптека №30 D.S.;ТзОВ «Ваша аптека»;0322373236;0322439393;;;;;;;;office@market-universal.com.ua;
Франківський;Нечуя-Левицького І.;3;Аптека;ТзОВ Аптека «3і»;0322381695;;;;;;;;;office@3i.ua;
Франківський;Київська;9;Аптека D.S.;ТзОВ «Ваша аптека №30»;0322439393;;;;;;;;;office@market-universal.com.ua;
Франківський;Київська;23;Аптека;ТзОВ «Аптека №38»;0322377247;;;;;;;;;;
Франківський;Сахарова А., акад.;4;Аптека D.S.;ТзОВ «Ваша аптека» опт №16;0322370948;;;;;;;;;office@market-universal.com.ua;
Франківський;Сахарова А., акад.;58;Аптека;ПП ВКФ «Скайінвест»;0322371154;;;;;;;;;;
Франківський;Стрийська;72;Аптека ;ТзОВ «Здорове майбутнє»;0322371098;;;;;;;;;nvv@pharnasity.com.ua;
Франківський;Стрийська;76а;Аптека «3і»;ТзОВ «Аптека довіри»;0322387614;;;;;;;;;office@3i.ua;
Франківський;Лазаренка Є., акад.;48;Аптека;ФОП Кузьмінов Олександр Борисович;0322954220;;;;;;;;;;
Франківський;Кульпарківська;3;Аптека D.S.;ТзОВ «Ваша аптека»;;;;;0673736066;;;;;office@market-universal.com.ua;
Франківський;Кульпарківська;35;Аптека, аптечний пункт;КП ЛОР МЛА №289;0322926294;;;;;;цілодобово;цілодобово;цілодобово;Apteka289@i.ua;
Франківський;Кульпарківська;35;Аптека «Біомед»;ТзОВ Фрайцензингова компанія «Біомед»;;;;;0673509194;;цілодобово;цілодобово;цілодобово;;
Франківський;Кульпарківська;35;Аптека «3і»;ТзОВ фірма «Медфарм»;;;;;0504326586;;;;;office@3i.ua;
Франківський;Кульпарківська;95;Аптека  «Плюс Aksis»;ТзОВ «Аяксіс плюс»;0322528854;;;;;;;;;apt3_Lviv@ukr.net;
Франківський;Кульпарківська;95;Аптека «3і»;ТзОВ «3і»;0322954913;;;;;;цілодобово;цілодобово;цілодобово;office@3i.ua;
Франківський;Кульпарківська;95;Аптека «Біомед»;ПП «Дешева аптека»;0322925492;;;;0676765339;;цілодобово;цілодобово;цілодобово;Kulparkivska@biimed.in.ua;
Франківський;Кульпарківська;125б;Аптека;ТзОВ «І.К.В»;;;;;0675205925;;;;;;
Франківський;Княгині Ольги;3а;Аптека;ПП «Джміль»;0322417055;;;;;;;;;ganna19@i.ua;
Франківський;Княгині Ольги;61;Аптека ;ТзОВ «Аптека №29»;0322630036;;;;;;цілодобово;цілодобово;цілодобово;farmasia29.61@gmail.com;
Франківський;Княгині Ольги;65;«Сімейна аптека»;ПП «Аптека Аронія»;0322970091;;;;;;;;;office@sa.lviv.ua ;
Франківський;Княгині Ольги;100к;Аптека D.S.;ТзОВ «7 ЯСЕН»;0322439393;;;;;;;;;7ach.office@dmail.com;
Франківський;Княгині Ольги;100г;Аптека №55;ПП «Аптека Аронія»;;;;;0933547145;;цілодобово;цілодобово;цілодобово;office@sa.lviv.ua ;
Франківський;Княгині Ольги;114;Аптека D.S.;ТзОВ  «Маркет Універсал ЛТД»;0322632149;;;;;;;;;office@market-universal.com.ua;
Франківський;Княгині Ольги;120;«Сімейна аптека»;ПП «Аптека аронія»;0322457883;;;;;;;;;office@sa.lviv.ua ;
Франківський;Айвазовського І.;11;Аптека «Подорожник»;ФОП Федечко Ніна Іванівна;0322630401;;;;;;;;;solomia.service@gmail.com;
Франківський;Володимира Великого;1;Аптека D.S.;ТзОВ «Ваша аптека»;0322630025;;;;;;;;;office@market-universal.com.ua;
Франківський;Володимира Великого;34;«Сімейна аптека»;ПП «Аптека аронія»;0322320303;;;;0678883202;;;;;office@sa.lviv.ua ;
Франківський;Володимира Великого;51;Аптека «3і»;ТзОВ «Аптека довіри»;0322458225;;;;;;;;;office@3i.ua;
Франківський;Володимира Великого;58;Аптека №34;ПП «Наша аптека»;;;;;0952703136;;;;;secretary@nasha-apteka.com.ua;
Франківський;Володимира Великого;59а;Аптека №14 «Сальве»;ТзОВ «Сальве-Львів»;;;;;0673431722;;;;;info@salve.com.ua;
Франківський;Володимира Великого;61;Аптека «Подорожник»;ПП «Соломія сервіс»;0322647972;;;;0676713264;;;;;solomia.service@gmail.com;
Франківський;Володимира Великого;61;Аптека №21 Аптека «Пульс»;ТзОВ «Декада-2000»;0322417118;;;;;;цілодобово;цілодобово;цілодобово;dekada2000@ukr.net;
Франківський;Володимира Великого;63;Аптека;ПП «Сидол»;0322645703;;;;;;;;;;
Франківський;Володимира Великого;67а;Аптека №33 «Сімейна аптека»;ПП «Аптека Аронія»;0322648860;;;;;;;;;office@sa.lviv.ua ;
Франківський;Володимира Великого;75;Аптека №4 «Здорова родина»;ПП «Наіс»;;;;;;;;;;;
Франківський;Володимира Великого;105а;Аптека «Копійка»;ТзОВ «Аптека низьких цін» Львів»;0322341655;;;;;;;;;lviv@aptekanizkihcen.ua;
Франківський;Симоненка В.;3;Аптека «Знахар»;Аптека №5 «Знахар»;0322975589;;;;;;;;;office@apteka-znahar.com.ua;
Франківський;Симоненка В.;4;Аптека;ТзОВ «Аптека №44»;0322632336;;;;;;;;;art44@mail.lviv.ua;
Франківський;Симоненка В.;4;Аптечний пункт №1;ТзОВ «Аптека №44»;0322632261;;;;;;;;;art44@mail.lviv.ua;
Франківський;Симоненка В.;4;Аптечний пункт №2 ;ТзОВ «Аптека №44»;0322632261;;;;;;;;;art44@mail.lviv.ua;
Франківський;Симоненка В.;4;Аптека Аптека «Пульс»;ТзОВ «Декада 2000»;0322646831;;;;;;;;;dekada2000@ukr.net;
Франківський;Симоненка В.;7;Аптека «Бажаємо здоров'я»;ТзОВ «Ай пі фармація»;800500512;;;;;;;;;torg@apteka.net.ua;
Франківський;Наукова;10а;Аптека D.S.;ТзОВ «Ваша аптека №39»;0322631221;;;;;;;;;office@market-universal.com.ua;
Франківський;Наукова;29а;Аптека D.S.;ТзОВ «Маркет Універсал ЛТД»;0322439393;;;;;;;;;office@market-universal.com.ua;
Франківський;Наукова;33;Аптека «Біомед»;ФОП Крилошанська Ірина Володимирівна;0322409700;;;;;;;;;naukova@biomed.in.ua;
Франківський;Наукова;35а;Аптека D.S.;ТзОВ «Маркет Універсал ЛТД»;0322952658;;;;;;;;;office@market-universal.com.ua;
Франківський;Наукова;43а;«Аптека низьких цін»;ТзОВ  «Аптека низьких цін» Львів»;0322340098;;;;;;;;;lviv@aptekanizkihcen.ua;
Франківський;Наукова;47;Аптека ;ТзОВ «Аптека довіри»;0322447387;;;;;;цілодобово;цілодобово;цілодобово;office@3i.ua;
Франківський;Наукова;51;Аптека «Копійка»;ТзОВ «Аптека низьких цін» Львів»;0322341600;;;;;;;;;lviv@aptekanizkihcen.ua;
Франківський;Наукова;64;Аптека «Подорожник»;ПП «Соломія-Сервіс»;0322340206;;;;0676713076;;;;;solomia.service@gmail.com;
Франківський;Наукова;112;«Сімейна аптека»;ПП «Аронія«;0322340220;;;;;;;;;office@sa.lviv.ua ;
Франківський;Старицького М.;2;Аптека №1;ФОП Межегурський Володимир Віталійович;0322389594;0322389564 ;0322389597;;;;;;;Sjanjafarm@ukr.net;
Шевченківський;Мазепи І., гетьмана;11;Аптека «Знахар»;ФОП Мокрий Тарас Мирославович;0322940628;0322975589;0322645337;0322975546;;;;;;4Znahar@gmail.com ;office@apteka-znahar.com.ua
Шевченківський;Шевченка Т.;366в;Аптека «Знахар»;ТзОВ «Аптека «Знахар»;0322975589;0322645337;0322975546;;0674298614;;;;;office@apteka-znahar.com.ua;
Шевченківський;Хімічна;22;Аптека «Знахар»;ТзОВ «Аптека «Знахар»;0322975589;0322645337;0322975546;;;;;;;office@apteka-znahar.com.ua;
Шевченківський;Чорновола В., просп.;67а;Аптека                                              «Мережа аптек D.S.«;ТзОВ «Маркет Універсал Лтд»;0322247152;0322439393;;;;;;;;office@market-universal.com.ua;
Шевченківський;Чорновола В., просп.;57а;Аптека                                              «Мережа аптек D.S.«;ТзОВ «Маркет Універсал Лтд»;0322316672;;;;;;;;;apteka50@market-universal.com.ua                                                  ;office@market-universal.com.ua
Шевченківський;Грінченка Б.;5;Аптека                                              «Мережа аптек D.S.«;ТзОВ «Ваша аптека»;0322935440;0322439393;;;;;;;;office@market-universal.com.ua;
Шевченківський;Мазепи І., гетьмана;15;Аптека                                              «Мережа аптек D.S.«;ТзОВ «Ваша аптека»;0322940915;0322439393;;;;;;;;office@market-universal.com.ua;
Шевченківський;Гайдамацька;9а;Аптека                                              «Мережа аптек D.S.«;ТзОВ «Ваша аптека»;;;;;0673142708;;;;;www.ds.lviv.ua.office@market-universal.com.ua;
Шевченківський;Базарна;11;Аптека                                              «Мережа аптек D.S.«;ТзОВ «Маркет Універсал ЛТД»;;;;;0673143709;;;;;office@market-universal.com.ua;
Шевченківський;Заводська;8;Аптека «Подорожник»;ПП «Соломія- Сервіс»;0322539443;;;;0676759043;;;;;;
Шевченківський;Шевченка Т.;364;Аптека «Подорожник»;ПП «Соломія- Сервіс»;0322559810;;;;;;цілодобово;цілодобово;цілодобово;;
Шевченківський;Мазепи І., гетьмана;12;Аптека «Подорожник»;ПП «Соломія- Сервіс»;;;;;0963613787;;цілодобово;цілодобово;цілодобово;;
Шевченківський;Хімічна;5;Аптека «Подорожник»;ПП «Соломія- Сервіс»;0322524493;;;;;;;;;;
Шевченківський;Чорновола В., просп.;95;Аптека «Подорожник»;ПП «Соломія- Сервіс»;;;;;0673102948;;цілодобово;цілодобово;цілодобово;;
Шевченківський;Величковського І.;38;Аптека «3і»;ТзОВ «Аптека довіри»;0322915707;;;;;;;;;sm@3І.ua;
Шевченківський;Творча;46;Аптека «3і»;ТзОВ «Аптека довіри»;0322989590;;;;;;;;;sm@3І.ua;
Шевченківський;Хмельницького Б.;273;Аптека «3і»;ТзОВ «Медфарм»;0322931045;;;;0503804870;;;;;;
Шевченківський;Шевченка Т.;96;Аптека «3і»;ТзОВ «Медфарм»;0322970609;;;;;;;;;;
Шевченківський;Миколайчука І.;22;Аптека «3і»;ТзОВ «Аптека довіри»;0322943630;;;;0503819746;;;;;;
Шевченківський;Панча П.;18в;Аптека;ТзОВ «Аптека довіри»;0322319337;;;;;;;;;;
Шевченківський;Чорновола В., просп.;101;Аптека «Копійка»;ТзОВ «Аптека низьких цін» Львів»;0322590061;;;;;;;;;;
Шевченківський;Мазепи І., гетьмана;12;«Аптека низьких цін»;ТзОВ «Аптека низьких цін» Львів»;0322932805;;;;;;цілодобово;цілодобово;цілодобово;;
Шевченківський;Клепарівська;4;Аптека ;ПП «Аптека «Фарм-проект»;0322334879;;;;;;;;;;
Шевченківський;Грінченка Б.;2а;Аптека «Пульс»;ТзОВ «Декада-2000»;0322937568;;;;;;цілодобово;цілодобово;цілодобово;;
Шевченківський;Липи Ю.;20;Аптека «Пульс»;ТзОВ «Декада-2000»;0322455173;;;;;;цілодобово;цілодобово;цілодобово;;
Шевченківський;Шевченка Т.;358;Аптека «Пульс»;ТзОВ «Декада-2000»;0322911578;;;;;;цілодобово;цілодобово;цілодобово;dekada.shv@rambler.ru ;
Шевченківський;Окуневського Т.;3;Аптека «Пульс»;ТзОВ «Декада-2000»;0322455154;;;;;;цілодобово;цілодобово;цілодобово;;
Шевченківський;Замарстинівська;11;«Сімейна аптека»;ПП «Аптека «Аронія»;0322528070;;;;;;;;;dovidka@sa.lviv.ua;
Шевченківський;Чорновола В., просп.;43а;«Сімейна аптека»;ПП «Аптека «Аронія»;0322971599;;;;;;;;;dovidka@sa.lviv.ua;
Шевченківський;Чорновола В., просп.;93;«Сімейна аптека»;ПП «Аптека «Аронія»;0322459582;0322445433;;;;;;;;dovidka@sa.lviv.ua;
Шевченківський;Хмельницького Б.;163;Аптека «Любисток»;ФОП Романів Світлана Петрівна;0322471703;;;;;;;;;cilutel@ukr.net;
Шевченківський;Хмельницького Б.;225;Аптека «Любисток»;ФОП Максимів Петро Васильович;0322533553;;;;;;;;;cilutel@ukr.net;
Шевченківський;Мазепи І., гетьмана;13;Аптека «Здорова родина»;ПП «Фармацевтична компанія «Здорова родина»;;;;;0959025302;;;;;;
Шевченківський;Мазепи І., гетьмана;24;Аптека «Здорова родина»;ПП «Фармацевтична компанія «Здорова родина»;;;;;0959024510;;;;;;
Шевченківський;Хімічна;4;Аптека «Здорова родина»;ПП «Фармацевтична компанія «Здорова родина»;;;;;0959024503;;;;;;
Шевченківський;Мазепи І., гетьмана;26;Аптека;КП «Аптека №293»;0322938080;;;;;;;;;;
Шевченківський;Мазепи І., гетьмана;25;Аптека;КП «Аптека №293»;0322938076;;;;;;;;;;
Шевченківський;Леонтовича М.;1;Аптека 31                                          «Едельвейс«;ТзОВ «Аптека №31»;0322333529;;;;;;;;;apteka31tzov@gmail.com;
Шевченківський;Замарстинівська;54;Аптека                                            «Едельвейс«;ТзОВ «Аптека №31»;0322521169;;;;;;;;;;
Шевченківський;Мазепи І., гетьмана;20;Аптека «ПП ВКФ «Скайінвест»;ПП «Виробничо-комерційна фірма «Скайінвест»;0322521087;;;;;;;;;;
Шевченківський;Золота;26;Аптека;ФОП Тофан Василь Миколайович;;;;;0677713228;;;;;;
Шевченківський;Шевченка Т.;70;Аптека «Біомед»;ФОП Левицька Ірина Миколаївна;0322332180;;;;;;цілодобово;цілодобово;цілодобово;;
Шевченківський;Величковського І.;44;Аптека;ПП «Сидол»;0322915426;;;;;;;;;;
Шевченківський;Панча П.;5;Аптека;ФОП Хомин Марія Степанівна;0322455113;;;;;;цілодобово;цілодобово;цілодобово;;
Шевченківський;Джрельна;21;«Ветаптека»;ФОП Прийма Наталя Миронівна;;;;;0679268265;;;;;;
Шевченківський;Лінкольна А.;10а;Аптека;ФОП Гоза Степан Петрович;0322959751;;;;;;;;;apteka.gsp@gmail.com;
Шевченківський;Шевченка Т.;350б;Аптека «Aвіценна»;ФОП Коломієць Мирослава Володимирівна;0322911376;;;;;;;;;;
Шевченківський;Шевченка Т.;388;Аптека;ФОП Якимович Назар Тарасович;0322914192;;;;;;;;;;
Шевченківський;Хмельницького Б.;173;Аптека «Еталон здоров’я»;ТзОВ Аптека «3і»;0322944333;;;;;;;;;mf30@fmf.com.ua;
Шевченківський;Грінченка Б.;6;Аптека;ФОП Сиділо Ігор Олексійович;;;;;0971218841;;цілодобово;цілодобово;цілодобово;;
Шевченківський;Хмельницького Б.;223;Аптека «Сальве»;ТзОВ «Сальве Львів»;;;;;0672233604;;;;;;
Шевченківський;Хмельницького Б.;149;Аптека;ФОП Жеребецька Марта Романівна;0322527584;;;;;;;;;martavita@ukr.net;
Шевченківський;Хмельницького Б.;273;Аптека «Сідус»;ТзОВ «Лідер-Захід»;;;;;0503561355;;;;;sia_03@3i.ua;
Шевченківський;Хмельницького Б.;127;Фіто магазин «Оксана»            ;Ліки на травах від Наталії Земної;;;;;;;Станом на 20.02.2017р. не працює (ведуться ремонтні роботи);;;;
